ticker,published_time,title,summary,text,url,sentiment_score,next_day_return
AAPL,2026-03-29 20:57:25,Qualcomm Inc. Stock: Navigating Semiconductor Leadership Amid AI and 5G Opportunities,"Qualcomm Inc. maintains a strong position in the semiconductor industry, driven by its chipsets and wireless technologies that power mobile devices, automotive systems, and AI applications. The company's financial resilience is highlighted by consistent earnings beats and a significant $20 billion stock buyback program. Qualcomm is strategically focused on diversifying beyond smartphones into high-growth sectors like automotive and AI edge processing, leveraging its leadership in 5G and its robust patent portfolio to sustain growth and shareholder returns.","Qualcomm Inc. Stock: Navigating Semiconductor Leadership Amid AI and 5G Opportunities. Qualcomm Inc. maintains a strong position in the semiconductor industry, driven by its chipsets and wireless technologies that power mobile devices, automotive systems, and AI applications. The company's financial resilience is highlighted by consistent earnings beats and a significant $20 billion stock buyback program. Qualcomm is strategically focused on diversifying beyond smartphones into high-growth sectors like automotive and AI edge processing, leveraging its leadership in 5G and its robust patent portfolio to sustain growth and shareholder returns.",https://www.ad-hoc-news.de/boerse/news/ueberblick/qualcomm-inc-stock-navigating-semiconductor-leadership-amid-ai-and-5g/69024781,0.9442663354253767,-0.008721864951768552
AAPL,2026-03-29 20:37:34,Alphabet Inc. Class C Trade Ideas — BSESOF:ABEC,"This article compiles various trading ideas and analyses for Alphabet Inc. (GOOGL), focusing on technical indicators, options sentiment, and fundamental strengths, particularly its AI initiatives. Several contributors offer bullish perspectives, citing strong financial health, AI integration, and call option activity, with specific price targets and entry/exit strategies. While some note potential risks like regulatory pressures and short-term pullbacks, the overarching sentiment leans towards continued growth for GOOGL.","Alphabet Inc. Class C Trade Ideas — BSESOF:ABEC. This article compiles various trading ideas and analyses for Alphabet Inc. (GOOGL), focusing on technical indicators, options sentiment, and fundamental strengths, particularly its AI initiatives. Several contributors offer bullish perspectives, citing strong financial health, AI integration, and call option activity, with specific price targets and entry/exit strategies. While some note potential risks like regulatory pressures and short-term pullbacks, the overarching sentiment leans towards continued growth for GOOGL.",https://www.tradingview.com/symbols/BSESOF-ABEC/ideas/page-15/,0.00844750002914265,-0.008721864951768552
AAPL,2026-03-29 20:22:58,Apple Inc.’s (AAPL) Siri to Get Powerful AI Features and a Standalone App,"Apple's Siri is expected to receive significant AI upgrades and be launched as a standalone app for Mac and iPhone. Bloomberg reported that Apple is testing a new Siri app with next-generation voice assistants capable of referencing previous conversations in a chat-like interface. These upgrades are anticipated to be unveiled at the Worldwide Developers Conference on June 8, offering users more control over content access within the app.","Apple Inc.’s (AAPL) Siri to Get Powerful AI Features and a Standalone App. Apple's Siri is expected to receive significant AI upgrades and be launched as a standalone app for Mac and iPhone. Bloomberg reported that Apple is testing a new Siri app with next-generation voice assistants capable of referencing previous conversations in a chat-like interface. These upgrades are anticipated to be unveiled at the Worldwide Developers Conference on June 8, offering users more control over content access within the app.",https://www.insidermonkey.com/blog/apple-inc-s-aapl-siri-to-get-powerful-ai-features-and-a-standalone-app-1727195/,0.40965834052672434,-0.008721864951768552
AAPL,2026-03-29 20:10:21,Cosan Stock Intrinsic Values | STU:9CI0,"The article, from GuruFocus.com, provides an overview of Cosan SA (STU:9CI0) stock, highlighting 3 severe warning signs detected by GuruFocus. It then transitions into a detailed explanation of various intrinsic valuation methods using Apple Inc. as an example, including Median PS Value, Peter Lynch Fair Value, Projected FCF, Graham Number, and Earnings Power Value (EPV), with their respective calculations and assumptions.","Cosan Stock Intrinsic Values | STU:9CI0. The article, from GuruFocus.com, provides an overview of Cosan SA (STU:9CI0) stock, highlighting 3 severe warning signs detected by GuruFocus. It then transitions into a detailed explanation of various intrinsic valuation methods using Apple Inc. as an example, including Median PS Value, Peter Lynch Fair Value, Projected FCF, Graham Number, and Earnings Power Value (EPV), with their respective calculations and assumptions.",https://www.gurufocus.com/stock/STU:9CI0/analysis/valuations,-0.001912432507793465,-0.008721864951768552
AAPL,2026-03-29 20:07:40,Alphabet Inc. Class A Trade Ideas — LSX:A14Y6F,"This article compiles various trade ideas and analyses for Alphabet Inc. Class A stock (LSX:A14Y6F, NASDAQ:GOOG, NASDAQ:GOOGL) from multiple traders and analysts. It covers technical analysis, price predictions, and fundamental news such as Google's investment in a Finnish data center and the potential impact of OpenAI's new search engine. The insights range from bullish long-term prospects based on chart patterns and AI growth to short-term bearish outlooks due to overbought conditions or potential market consolidation.","Alphabet Inc. Class A Trade Ideas — LSX:A14Y6F. This article compiles various trade ideas and analyses for Alphabet Inc. Class A stock (LSX:A14Y6F, NASDAQ:GOOG, NASDAQ:GOOGL) from multiple traders and analysts. It covers technical analysis, price predictions, and fundamental news such as Google's investment in a Finnish data center and the potential impact of OpenAI's new search engine. The insights range from bullish long-term prospects based on chart patterns and AI growth to short-term bearish outlooks due to overbought conditions or potential market consolidation.",https://www.tradingview.com/symbols/LSX-A14Y6F/ideas/page-39/,0.0004961565757079396,-0.008721864951768552
AAPL,2026-03-29 19:51:49,"FEPI ETF Analysis: Dividends, Returns NASDAQ:FEPI","The FEPI ETF, managed by Rex Financial LLC, uses a covered call strategy to generate income from the technology sector, holding stocks from the Solactive FANG Innovation Index and writing out-of-the-money call options. It actively manages a portfolio predominantly in Technology Services and Electronic Technology, with key holdings including Netflix, Inc. and AppLovin Corp. Class A. The ETF offers a high dividend yield of 27.62% and has experienced recent fluctuations in price and NAV returns, currently trading at a slight premium to its NAV.","FEPI ETF Analysis: Dividends, Returns NASDAQ:FEPI. The FEPI ETF, managed by Rex Financial LLC, uses a covered call strategy to generate income from the technology sector, holding stocks from the Solactive FANG Innovation Index and writing out-of-the-money call options. It actively manages a portfolio predominantly in Technology Services and Electronic Technology, with key holdings including Netflix, Inc. and AppLovin Corp. Class A. The ETF offers a high dividend yield of 27.62% and has experienced recent fluctuations in price and NAV returns, currently trading at a slight premium to its NAV.",https://www.tradingview.com/symbols/NASDAQ-FEPI/analysis/,0.16768329512959382,-0.008721864951768552
AAPL,2026-03-29 18:40:25,"STKS Stock News Today | Earnings, Events & Price Alerts","This article provides news and event updates for STKS (The ONE Group Hospitality, Inc.), including recent financial reports, earnings insights, and upcoming conference calls. It highlights the company's Q4 2025 financial results, which showed a miss on revenue guidance and a decline in comparable sales, alongside strategic efforts to enhance long-term value. The article also touches on broader market movements, including the S&P 500's decline due to rising oil prices and a shift of investor capital into defensive positions.","STKS Stock News Today | Earnings, Events & Price Alerts. This article provides news and event updates for STKS (The ONE Group Hospitality, Inc.), including recent financial reports, earnings insights, and upcoming conference calls. It highlights the company's Q4 2025 financial results, which showed a miss on revenue guidance and a decline in comparable sales, alongside strategic efforts to enhance long-term value. The article also touches on broader market movements, including the S&P 500's decline due to rising oil prices and a shift of investor capital into defensive positions.",https://intellectia.ai/en/stock/STKS/news,-0.16345615674599023,-0.008721864951768552
AAPL,2026-03-29 16:06:58,"At 50, Apple confronts its next big challenge: AI","As Apple Inc. celebrates its 50th anniversary, the company faces its next major challenge: artificial intelligence. While Apple has a history of revolutionary products like the Mac, iPhone, and iPod, it appears to be lagging behind rivals in generative AI development. Despite concerns about its pace, Apple's established ecosystem, focus on user privacy, and premium hardware might position it to drive widespread adoption of personalized AI.","At 50, Apple confronts its next big challenge: AI. As Apple Inc. celebrates its 50th anniversary, the company faces its next major challenge: artificial intelligence. While Apple has a history of revolutionary products like the Mac, iPhone, and iPod, it appears to be lagging behind rivals in generative AI development. Despite concerns about its pace, Apple's established ecosystem, focus on user privacy, and premium hardware might position it to drive widespread adoption of personalized AI.",https://www.taipeitimes.com/News/biz/archives/2026/03/30/2003854684,0.8930265816004819,-0.008721864951768552
AAPL,2026-03-29 15:38:59,Spotify Fell 8% Over the Past 6 Months. Here’s How Much the Stock Could Rise in 2026,"Spotify Technology S.A. (SPOT) shares have fallen 8% in the last six months due to investor focus shifting from user growth to sustained margin expansion amid intense competition. Despite a strong Q4 2025 earnings report, analysts remain cautious but see significant upside, with an estimated target price of $816, suggesting the stock is currently undervalued. This upside is projected based on assumptions of revenue growth, operating margin improvements, and strategic pricing, advertising, and content cost management.","Spotify Fell 8% Over the Past 6 Months. Here’s How Much the Stock Could Rise in 2026. Spotify Technology S.A. (SPOT) shares have fallen 8% in the last six months due to investor focus shifting from user growth to sustained margin expansion amid intense competition. Despite a strong Q4 2025 earnings report, analysts remain cautious but see significant upside, with an estimated target price of $816, suggesting the stock is currently undervalued. This upside is projected based on assumptions of revenue growth, operating margin improvements, and strategic pricing, advertising, and content cost management.",https://www.tikr.com/blog/spotify-fell-8-over-the-past-6-months-heres-how-much-the-stock-could-rise-in-2026,-0.9235470254836021,-0.008721864951768552
AAPL,2026-03-29 11:00:57,"Six Figure Bonuses, Ads in Maps, iPhone Parts From Bosch And More: This Week In Appleverse","This article summarizes Apple's busy week, highlighting several significant developments. These include Apple's decision to discontinue six-figure bonuses to retain iPhone talent, its collaboration with Bosch and TDK for US iPhone parts, and plans to introduce advertising in its Maps application. The piece also mentions the launch of the new MacBook Neo and remarks from an investor urging Elon Musk to create a brand identity for Tesla.","Six Figure Bonuses, Ads in Maps, iPhone Parts From Bosch And More: This Week In Appleverse. This article summarizes Apple's busy week, highlighting several significant developments. These include Apple's decision to discontinue six-figure bonuses to retain iPhone talent, its collaboration with Bosch and TDK for US iPhone parts, and plans to introduce advertising in its Maps application. The piece also mentions the launch of the new MacBook Neo and remarks from an investor urging Elon Musk to create a brand identity for Tesla.",https://www.benzinga.com/markets/tech/26/03/51528922/six-figure-bonuses-ads-in-maps-iphone-parts-from-bosch-and-more-this-week-in-appleverse,0.0011792162203534135,-0.008721864951768552
AAPL,2026-03-29 09:18:00,Apple Inc. $AAPL Stake Lowered by Tompkins Financial Corp,"Tompkins Financial Corp decreased its stake in Apple Inc. ($AAPL) by 3.5% in the fourth quarter, reducing its holdings to 185,439 shares valued at approximately $50.41 million. Despite this, Apple exceeded quarterly expectations with $2.84 EPS and $143.76 billion revenue, leading to a consensus ""Moderate Buy"" rating and an average price target of $297.58. The company is exploring AI advancements, expanding U.S. manufacturing, and offering retention bonuses to key designers, contributing to a generally positive outlook amidst some broader tech sector weakness.","Apple Inc. $AAPL Stake Lowered by Tompkins Financial Corp. Tompkins Financial Corp decreased its stake in Apple Inc. ($AAPL) by 3.5% in the fourth quarter, reducing its holdings to 185,439 shares valued at approximately $50.41 million. Despite this, Apple exceeded quarterly expectations with $2.84 EPS and $143.76 billion revenue, leading to a consensus ""Moderate Buy"" rating and an average price target of $297.58. The company is exploring AI advancements, expanding U.S. manufacturing, and offering retention bonuses to key designers, contributing to a generally positive outlook amidst some broader tech sector weakness.",https://www.marketbeat.com/instant-alerts/filing-apple-inc-aapl-stake-lowered-by-tompkins-financial-corp-2026-03-29/,-0.7562478880460158,-0.008721864951768552
AAPL,2026-03-29 09:06:58,Marshall Financial Group LLC Reduces Position in Apple Inc. $AAPL,"Marshall Financial Group LLC decreased its stake in Apple Inc. by 15.8% in the fourth quarter, selling 9,307 shares and ending the period with 49,427 shares valued at approximately $13.44 million. Despite this reduction, Apple remains Marshall Financial Group LLC's ninth-largest holding, constituting 2.6% of its portfolio. The article also notes strong institutional ownership of Apple at 67.73% and highlights various other funds adjusting their positions, alongside positive recent news regarding Apple's product outlook, AI initiatives, growing services revenue, and manufacturing investments.","Marshall Financial Group LLC Reduces Position in Apple Inc. $AAPL. Marshall Financial Group LLC decreased its stake in Apple Inc. by 15.8% in the fourth quarter, selling 9,307 shares and ending the period with 49,427 shares valued at approximately $13.44 million. Despite this reduction, Apple remains Marshall Financial Group LLC's ninth-largest holding, constituting 2.6% of its portfolio. The article also notes strong institutional ownership of Apple at 67.73% and highlights various other funds adjusting their positions, alongside positive recent news regarding Apple's product outlook, AI initiatives, growing services revenue, and manufacturing investments.",https://www.marketbeat.com/instant-alerts/filing-marshall-financial-group-llc-reduces-position-in-apple-inc-aapl-2026-03-29/,-0.8614419080842908,-0.008721864951768552
AAPL,2026-03-29 08:10:20,Roundhill AAPL WeeklyPay ETF $AAPW Shares Acquired by Exchange Traded Concepts LLC,"Exchange Traded Concepts LLC significantly increased its stake in the Roundhill AAPL WeeklyPay ETF (BATS:AAPW) during the fourth quarter, acquiring an additional 236,132 shares to bring its total ownership to 455,801 shares, valued at $18.43 million. This substantial increase means the institutional investor now owns approximately 43.83% of the ETF. The article also provides a brief overview of the ETF's recent trading performance and its profile.","Roundhill AAPL WeeklyPay ETF $AAPW Shares Acquired by Exchange Traded Concepts LLC. Exchange Traded Concepts LLC significantly increased its stake in the Roundhill AAPL WeeklyPay ETF (BATS:AAPW) during the fourth quarter, acquiring an additional 236,132 shares to bring its total ownership to 455,801 shares, valued at $18.43 million. This substantial increase means the institutional investor now owns approximately 43.83% of the ETF. The article also provides a brief overview of the ETF's recent trading performance and its profile.",https://www.defenseworld.net/2026/03/29/roundhill-aapl-weeklypay-etf-aapw-shares-acquired-by-exchange-traded-concepts-llc.html,0.02547521011415585,-0.008721864951768552
AAPL,2026-03-29 07:40:25,Assenagon Asset Management S.A. Grows Stock Holdings in Masimo Corporation $MASI,"Assenagon Asset Management S.A. significantly increased its stake in Masimo Corporation (NASDAQ:MASI) by 2,078.5% in the fourth quarter of the previous year. Other institutional investors, including Viking Global Investors LP and Squarepoint Ops LLC, also increased their exposure to Masimo. Despite increased institutional ownership, several analysts have downgraded Masimo to a ""Hold"" or ""Sell"" rating, with a consensus target price of $181.17.","Assenagon Asset Management S.A. Grows Stock Holdings in Masimo Corporation $MASI. Assenagon Asset Management S.A. significantly increased its stake in Masimo Corporation (NASDAQ:MASI) by 2,078.5% in the fourth quarter of the previous year. Other institutional investors, including Viking Global Investors LP and Squarepoint Ops LLC, also increased their exposure to Masimo. Despite increased institutional ownership, several analysts have downgraded Masimo to a ""Hold"" or ""Sell"" rating, with a consensus target price of $181.17.",https://www.marketbeat.com/instant-alerts/filing-assenagon-asset-management-sa-grows-stock-holdings-in-masimo-corporation-masi-2026-03-29/,-0.04281518672546839,-0.008721864951768552
AAPL,2026-03-29 07:35:59,Apple Inc. $AAPL Shares Sold by Elevation Wealth Partners LLC,"Elevation Wealth Partners LLC decreased its stake in Apple Inc. by 7.8% in the fourth quarter, selling 2,583 shares and retaining 30,461 shares valued at $8.281 million. Despite this sale, Apple remains the firm's seventh-largest holding, comprising 2.9% of its portfolio. The article highlights Apple's recent strong quarterly earnings, dividend announcement, and positive analyst sentiment, alongside strategic moves in AI and manufacturing that could act as near-term catalysts for the stock.","Apple Inc. $AAPL Shares Sold by Elevation Wealth Partners LLC. Elevation Wealth Partners LLC decreased its stake in Apple Inc. by 7.8% in the fourth quarter, selling 2,583 shares and retaining 30,461 shares valued at $8.281 million. Despite this sale, Apple remains the firm's seventh-largest holding, comprising 2.9% of its portfolio. The article highlights Apple's recent strong quarterly earnings, dividend announcement, and positive analyst sentiment, alongside strategic moves in AI and manufacturing that could act as near-term catalysts for the stock.",https://www.marketbeat.com/instant-alerts/filing-apple-inc-aapl-shares-sold-by-elevation-wealth-partners-llc-2026-03-29/,-0.2694277618411257,-0.008721864951768552
AAPL,2026-03-29 07:14:02,Asempa Wealth Advisors Makes New $1.35 Million Investment in Apple Inc. $AAPL,"Asempa Wealth Advisors has made a new investment of $1.35 million in Apple Inc. ($AAPL), acquiring 4,979 shares during the fourth quarter. This new position constitutes 1.2% of Asempa Wealth Advisors' holdings and is its 27th largest position. The article details Apple's strong fundamentals and positive news, such as senior AI hires and services growth, alongside some negative sentiments like broader tech weakness and reports of discontinuing the Mac Pro.","Asempa Wealth Advisors Makes New $1.35 Million Investment in Apple Inc. $AAPL. Asempa Wealth Advisors has made a new investment of $1.35 million in Apple Inc. ($AAPL), acquiring 4,979 shares during the fourth quarter. This new position constitutes 1.2% of Asempa Wealth Advisors' holdings and is its 27th largest position. The article details Apple's strong fundamentals and positive news, such as senior AI hires and services growth, alongside some negative sentiments like broader tech weakness and reports of discontinuing the Mac Pro.",https://www.marketbeat.com/instant-alerts/filing-asempa-wealth-advisors-makes-new-135-million-investment-in-apple-inc-aapl-2026-03-29/,0.06579393831305057,-0.008721864951768552
AAPL,2026-03-29 07:03:58,"180 Wealth Advisors LLC Sells 3,372 Shares of Apple Inc. $AAPL","180 Wealth Advisors LLC reduced its stake in Apple Inc. by 3.3% in the fourth quarter, selling 3,372 shares to hold 99,903 shares valued at $27.16 million, making it their third-largest position. Despite this trim, other institutional investors increased their holdings. Apple reported strong quarterly earnings, beating estimates with $2.84 EPS and $143.76 billion in revenue, and analysts maintain a ""Moderate Buy"" consensus rating with a target price of $297.58, supported by positive news related to AI, services growth, and U.S. manufacturing expansion.","180 Wealth Advisors LLC Sells 3,372 Shares of Apple Inc. $AAPL. 180 Wealth Advisors LLC reduced its stake in Apple Inc. by 3.3% in the fourth quarter, selling 3,372 shares to hold 99,903 shares valued at $27.16 million, making it their third-largest position. Despite this trim, other institutional investors increased their holdings. Apple reported strong quarterly earnings, beating estimates with $2.84 EPS and $143.76 billion in revenue, and analysts maintain a ""Moderate Buy"" consensus rating with a target price of $297.58, supported by positive news related to AI, services growth, and U.S. manufacturing expansion.",https://www.marketbeat.com/instant-alerts/filing-180-wealth-advisors-llc-sells-3372-shares-of-apple-inc-aapl-2026-03-29/,0.7887184801830079,-0.008721864951768552
AAPL,2026-03-29 06:39:05,"Synaptics Incorporated (NASDAQ:SYNA) Receives Consensus Recommendation of ""Moderate Buy"" from Analysts","Synaptics Incorporated (NASDAQ:SYNA) has received a ""Moderate Buy"" consensus recommendation from analysts, with 10 out of 14 analysts issuing a buy rating and an average 12-month target price of $99.91. The company recently surpassed quarterly earnings and revenue estimates and provided positive guidance for Q3 2026. Despite some insider selling, institutional investors have increased their holdings, and the stock is currently trading around $68.71.","Synaptics Incorporated (NASDAQ:SYNA) Receives Consensus Recommendation of ""Moderate Buy"" from Analysts. Synaptics Incorporated (NASDAQ:SYNA) has received a ""Moderate Buy"" consensus recommendation from analysts, with 10 out of 14 analysts issuing a buy rating and an average 12-month target price of $99.91. The company recently surpassed quarterly earnings and revenue estimates and provided positive guidance for Q3 2026. Despite some insider selling, institutional investors have increased their holdings, and the stock is currently trading around $68.71.",https://www.marketbeat.com/instant-alerts/synaptics-incorporated-nasdaqsyna-receives-consensus-recommendation-of-moderate-buy-from-analysts-2026-03-29/,0.9439262390219874,-0.008721864951768552
AAPL,2026-03-29 05:09:52,"Xtrackers Artificial Intelligence and Big Data ETF (XAIX) Stock Price, Holdings, Dividend Yield","This article provides a detailed profile of the Xtrackers Artificial Intelligence and Big Data ETF (XAIX), including its current stock price, holdings, and dividend yield. As of the latest SEC filing on 2025-11-30, XAIX holds 91 stocks with a total value of $85.00 million, and its top holdings include Alphabet (GOOGL), Apple (AAPL), and NVIDIA (NVDA). The ETF also provides various financial metrics, performance data, and historical breakdowns.","Xtrackers Artificial Intelligence and Big Data ETF (XAIX) Stock Price, Holdings, Dividend Yield. This article provides a detailed profile of the Xtrackers Artificial Intelligence and Big Data ETF (XAIX), including its current stock price, holdings, and dividend yield. As of the latest SEC filing on 2025-11-30, XAIX holds 91 stocks with a total value of $85.00 million, and its top holdings include Alphabet (GOOGL), Apple (AAPL), and NVIDIA (NVDA). The ETF also provides various financial metrics, performance data, and historical breakdowns.",https://www.gurufocus.com/guru/xtrackers%2Bartificial%2Bintelligence%2Band%2Bbig%2Bdata%2Betf/summary?search=DATA,0.0010344693276266102,-0.008721864951768552
AAPL,2026-03-29 04:37:02,AI: Apple 3rd-party AI distribution strategy takes shape. RTZ #1040,"Apple is shifting its AI strategy to become a global distribution platform for third-party AI models, rather than solely focusing on its own AI development or an exclusive partnership with OpenAI. This new approach involves opening up Siri to rival AI assistants like Google Gemini and Anthropic's Claude, allowing Apple to leverage its vast user base and generate revenue from AI subscriptions through the App Store. This move is seen as an offensive strategy to capitalize on the AI Tech Wave and solidify Apple's role as a major ""toll-gate"" for AI products and services.","AI: Apple 3rd-party AI distribution strategy takes shape. RTZ #1040. Apple is shifting its AI strategy to become a global distribution platform for third-party AI models, rather than solely focusing on its own AI development or an exclusive partnership with OpenAI. This new approach involves opening up Siri to rival AI assistants like Google Gemini and Anthropic's Claude, allowing Apple to leverage its vast user base and generate revenue from AI subscriptions through the App Store. This move is seen as an offensive strategy to capitalize on the AI Tech Wave and solidify Apple's role as a major ""toll-gate"" for AI products and services.",https://michaelparekh.substack.com/p/ai-apple-flexes-its-distribution,0.7158292374533701,-0.008721864951768552
AAPL,2026-03-29 04:07:07,Five Apple anecdotes as iPhone maker marks 50 years,"As Apple celebrates its 50th anniversary, this article shares five lesser-known anecdotes about the tech giant. It covers the story behind its iconic bitten apple logo, the groundbreaking ""1984"" Super Bowl advertisement, Apple's use of bold colors in its product design, the significance of the 9:41 am time displayed on product photos, and the historical role of Ronald Wayne as the third co-founder who sold his stake early on.","Five Apple anecdotes as iPhone maker marks 50 years. As Apple celebrates its 50th anniversary, this article shares five lesser-known anecdotes about the tech giant. It covers the story behind its iconic bitten apple logo, the groundbreaking ""1984"" Super Bowl advertisement, Apple's use of bold colors in its product design, the significance of the 9:41 am time displayed on product photos, and the historical role of Ronald Wayne as the third co-founder who sold his stake early on.",https://www.sfweekly.com/news/national/five-apple-anecdotes-as-iphone-maker-marks-50-years/article_53ecbc8e-f4b6-557e-b889-bcb327aaaf7b.html,-0.0006680425222524487,-0.008721864951768552
AAPL,2026-03-29 01:37:42,Alphabet Inc. Class C Trade Ideas — BSESOF:ABEC,"This article compiles various trading ideas and technical analyses for Alphabet Inc. Class C stock (GOOGL/ABEC) from multiple contributors. The analyses cover various timeframes, using indicators like MACD, Stoch RSI, and GEX/options flow data to identify key support and resistance levels, potential breakout or breakdown scenarios, and overall market sentiment. Many contributors suggest a bullish short-to-medium term outlook, focusing on key price points and options strategies, although some express bearish concerns due to high valuation and potential regulatory risks.","Alphabet Inc. Class C Trade Ideas — BSESOF:ABEC. This article compiles various trading ideas and technical analyses for Alphabet Inc. Class C stock (GOOGL/ABEC) from multiple contributors. The analyses cover various timeframes, using indicators like MACD, Stoch RSI, and GEX/options flow data to identify key support and resistance levels, potential breakout or breakdown scenarios, and overall market sentiment. Many contributors suggest a bullish short-to-medium term outlook, focusing on key price points and options strategies, although some express bearish concerns due to high valuation and potential regulatory risks.",https://www.tradingview.com/symbols/BSESOF-ABEC/ideas/page-13/,0.0003629583369022188,-0.008721864951768552
AAPL,2026-03-29 01:36:59,"At 50, Apple confronts its next big challenge: AI","As Apple celebrates its 50th anniversary, the company faces its next major challenge: integrating artificial intelligence and proving its capacity for continued innovation. While Apple has a track record of revolutionary products like the Mac and iPhone, it appears to be lagging behind rivals in generative AI development. Overcoming this ""AI challenge"" will require Apple to leverage its focus on user privacy and premium hardware, potentially through personalized AI applications and new product categories like AI smart glasses, to maintain its position in the evolving tech landscape.","At 50, Apple confronts its next big challenge: AI. As Apple celebrates its 50th anniversary, the company faces its next major challenge: integrating artificial intelligence and proving its capacity for continued innovation. While Apple has a track record of revolutionary products like the Mac and iPhone, it appears to be lagging behind rivals in generative AI development. Overcoming this ""AI challenge"" will require Apple to leverage its focus on user privacy and premium hardware, potentially through personalized AI applications and new product categories like AI smart glasses, to maintain its position in the evolving tech landscape.",https://www.sfweekly.com/news/national/at-50-apple-confronts-its-next-big-challenge-ai/article_4276d0c7-d800-53d0-b6b6-054a055e0a21.html,0.8346348827660276,-0.008721864951768552
AAPL,2026-03-29 01:36:58,"At 50, Apple confronts its next big challenge: AI","As Apple celebrates its 50th anniversary, the company faces the significant challenge of integrating artificial intelligence into its products and services, an area where competitors like Google, Microsoft, and OpenAI are currently leading. Despite a strong history of culture-changing innovations from the Macintosh to the iPhone, Apple's focus on user privacy and premium hardware could position it to drive widespread adoption and profitability for personalized AI. The company is navigating concerns about its generative AI progress, its reliance on China for manufacturing and as a market, and increasing regulatory scrutiny over its App Store.","At 50, Apple confronts its next big challenge: AI. As Apple celebrates its 50th anniversary, the company faces the significant challenge of integrating artificial intelligence into its products and services, an area where competitors like Google, Microsoft, and OpenAI are currently leading. Despite a strong history of culture-changing innovations from the Macintosh to the iPhone, Apple's focus on user privacy and premium hardware could position it to drive widespread adoption and profitability for personalized AI. The company is navigating concerns about its generative AI progress, its reliance on China for manufacturing and as a market, and increasing regulatory scrutiny over its App Store.",https://www.myleaderpaper.com/news/national/at-50-apple-confronts-its-next-big-challenge-ai/article_549c2150-b6c4-5c7e-a853-da5c90c4d257.html,0.11633947447307175,-0.008721864951768552
AAPL,2026-03-29 01:36:58,"At 50, Apple confronts its next big challenge: AI","As Apple celebrates its 50th anniversary, the company faces its next major hurdle: artificial intelligence. Though known for revolutionary products like the Mac and iPhone that built a $3.6 trillion empire, investors are concerned about Apple's slow integration of generative AI compared to rivals. The company's focus on user privacy and premium hardware, however, could still position it to lead in personalized AI adoption, potentially making it profitable despite initial delays and outsourcing of some AI capabilities.","At 50, Apple confronts its next big challenge: AI. As Apple celebrates its 50th anniversary, the company faces its next major hurdle: artificial intelligence. Though known for revolutionary products like the Mac and iPhone that built a $3.6 trillion empire, investors are concerned about Apple's slow integration of generative AI compared to rivals. The company's focus on user privacy and premium hardware, however, could still position it to lead in personalized AI adoption, potentially making it profitable despite initial delays and outsourcing of some AI capabilities.",https://www.iosconews.com/news/nation/article_1297d914-b83d-5cd5-88c5-5e48ba5d09ca.html,0.8089236180929196,-0.008721864951768552
AAPL,2026-03-29 01:36:58,"At 50, Apple confronts its next big challenge: AI","Apple is celebrating its 50th anniversary and faces the significant challenge of artificial intelligence, needing to prove it can innovate in this new era. The company, founded by Steve Jobs and Steve Wozniak, revolutionized personal technology with products like the Mac and iPhone, but now lags behind rivals in generative AI. Apple's strategy involves leveraging its user base, focusing on privacy, and potentially integrating AI into existing and new hardware, despite manufacturing and market share pressures in China.","At 50, Apple confronts its next big challenge: AI. Apple is celebrating its 50th anniversary and faces the significant challenge of artificial intelligence, needing to prove it can innovate in this new era. The company, founded by Steve Jobs and Steve Wozniak, revolutionized personal technology with products like the Mac and iPhone, but now lags behind rivals in generative AI. Apple's strategy involves leveraging its user base, focusing on privacy, and potentially integrating AI into existing and new hardware, despite manufacturing and market share pressures in China.",https://www.swiowanewssource.com/news/nation/article_32c8dd73-ae03-5130-9cc3-4ce433f2ea2e.html,0.6182627639426223,-0.008721864951768552
AAPL,2026-03-29 01:06:59,"At 50, Apple confronts its next big challenge: AI","As Apple celebrates its 50th anniversary, the tech giant faces a new challenge in the form of artificial intelligence, where rivals like Google and Microsoft have taken an early lead. Despite delays in its own AI advancements like Siri, Apple's focus on user privacy and premium hardware could position it to drive widespread adoption of personalized AI. The company's future also hinges on navigating its complex relationship with China, a major manufacturing hub and consumer market, while diversifying production and fending off local competition.","At 50, Apple confronts its next big challenge: AI. As Apple celebrates its 50th anniversary, the tech giant faces a new challenge in the form of artificial intelligence, where rivals like Google and Microsoft have taken an early lead. Despite delays in its own AI advancements like Siri, Apple's focus on user privacy and premium hardware could position it to drive widespread adoption of personalized AI. The company's future also hinges on navigating its complex relationship with China, a major manufacturing hub and consumer market, while diversifying production and fending off local competition.",https://www.newsbug.info/news/nation/at-50-apple-confronts-its-next-big-challenge-ai/article_0df6c58a-87dd-5f2d-b00e-ce041d8884db.html,0.9381526071114401,-0.008721864951768552
AAPL,2026-03-29 00:37:41,Alphabet Inc. Class C Trade Ideas — BSESOF:ABEC,"This article compiles various trade ideas and analyses for Alphabet Inc. Class C (BSESOF:ABEC) from different contributors on TradingView. It includes short-term and long-term technical analyses, discussions on market structure, momentum, gamma exposure, and options sentiment, alongside fundamental outlooks. The diverse perspectives highlight potential entry/exit points, price targets, and risk management strategies for both bullish and bearish scenarios for Google stock.","Alphabet Inc. Class C Trade Ideas — BSESOF:ABEC. This article compiles various trade ideas and analyses for Alphabet Inc. Class C (BSESOF:ABEC) from different contributors on TradingView. It includes short-term and long-term technical analyses, discussions on market structure, momentum, gamma exposure, and options sentiment, alongside fundamental outlooks. The diverse perspectives highlight potential entry/exit points, price targets, and risk management strategies for both bullish and bearish scenarios for Google stock.",https://www.tradingview.com/symbols/BSESOF-ABEC/ideas/page-11/,0.0006477589226355435,-0.008721864951768552
AAPL,2026-03-28 20:10:08,"Glen Ives, president of Castellum, buys $1231 in CTM stock","Glen Ives, President and CEO of Castellum, Inc. (CTM), recently purchased 2,000 shares of company stock for $1231. This transaction occurred on March 27, 2026, when the stock was trading near its 52-week low. Castellum has also eliminated its outstanding debt and secured a significant $49.8 million contract for its subsidiary, Specialty Systems, Inc.","Glen Ives, president of Castellum, buys $1231 in CTM stock. Glen Ives, President and CEO of Castellum, Inc. (CTM), recently purchased 2,000 shares of company stock for $1231. This transaction occurred on March 27, 2026, when the stock was trading near its 52-week low. Castellum has also eliminated its outstanding debt and secured a significant $49.8 million contract for its subsidiary, Specialty Systems, Inc.",https://www.investing.com/news/insider-trading-news/glen-ives-president-of-castellum-buys-1231-in-ctm-stock-93CH-4585859,0.3943854162816598,-0.008721864951768552
AAPL,2026-03-28 16:39:42,Invesco NASDAQ 100 ETF Sees Inflows Amid Tech Volatility,"The Invesco NASDAQ 100 ETF (QQQM) experienced $342.83 million in net inflows over the past five days despite a 4.32% drop in its value over the last week, driven by market sentiment on its major holdings like Nvidia, Apple, and Microsoft. Nvidia is buoyed by strong analyst ratings and its ""agentic AI"" data center initiatives, while Apple's AI narrative is strengthening with new hires and an upcoming Siri revamp. Microsoft, despite recent struggles, is seen by analysts as a high-quality AI leader trading at a discount.","Invesco NASDAQ 100 ETF Sees Inflows Amid Tech Volatility. The Invesco NASDAQ 100 ETF (QQQM) experienced $342.83 million in net inflows over the past five days despite a 4.32% drop in its value over the last week, driven by market sentiment on its major holdings like Nvidia, Apple, and Microsoft. Nvidia is buoyed by strong analyst ratings and its ""agentic AI"" data center initiatives, while Apple's AI narrative is strengthening with new hires and an upcoming Siri revamp. Microsoft, despite recent struggles, is seen by analysts as a high-quality AI leader trading at a discount.",https://www.tipranks.com/news/weekend-updates/invesco-nasdaq-100-etf-sees-inflows-amid-tech-volatility-2,0.8565423168569476,-0.008721864951768552
AAPL,2026-03-28 16:12:22,Is State Street's SPTM a Better U.S. Market ETF Than Vanguard's VTI?,"This article compares the Vanguard Total Stock Market ETF (VTI) and the State Street SPDR Portfolio S&P 1500 Composite Stock Market ETF (SPTM), both offering low-cost, broad U.S. equity exposure. While they share similar expense ratios, performance, and risk profiles, key differences lie in their portfolio breadth and sector tilt. VTI provides wider diversification with more holdings and higher assets under management, whereas SPTM focuses on the S&P 1500, potentially offering slightly less volatility due to fewer small-cap companies.","Is State Street's SPTM a Better U.S. Market ETF Than Vanguard's VTI?. This article compares the Vanguard Total Stock Market ETF (VTI) and the State Street SPDR Portfolio S&P 1500 Composite Stock Market ETF (SPTM), both offering low-cost, broad U.S. equity exposure. While they share similar expense ratios, performance, and risk profiles, key differences lie in their portfolio breadth and sector tilt. VTI provides wider diversification with more holdings and higher assets under management, whereas SPTM focuses on the S&P 1500, potentially offering slightly less volatility due to fewer small-cap companies.",https://www.fool.com/coverage/etfs/2026/03/28/is-state-street-s-sptm-a-better-u-s-market-etf-than-vanguard-s-vti/,0.015433403335108176,-0.008721864951768552
AAPL,2026-03-28 15:26:54,Taiwan Semiconductor (TSM) Going Strong Amid Tight Capacity Conditions,"Taiwan Semiconductor Manufacturing Co. Ltd. (TSM) is operating near full capacity due to surging demand for AI chips, facing bottlenecks in the supply chain for components like printed circuit boards and lasers. To manage these constraints, customers are entering long-term agreements, and TSM is expanding capacity in Arizona and Taiwan. The company, a dominant producer of advanced chips for giants like Nvidia and Apple, is also seeing competitors like Samsung adopting similar long-term contract strategies.","Taiwan Semiconductor (TSM) Going Strong Amid Tight Capacity Conditions. Taiwan Semiconductor Manufacturing Co. Ltd. (TSM) is operating near full capacity due to surging demand for AI chips, facing bottlenecks in the supply chain for components like printed circuit boards and lasers. To manage these constraints, customers are entering long-term agreements, and TSM is expanding capacity in Arizona and Taiwan. The company, a dominant producer of advanced chips for giants like Nvidia and Apple, is also seeing competitors like Samsung adopting similar long-term contract strategies.",https://www.insidermonkey.com/blog/taiwan-semiconductor-tsm-going-strong-amid-tight-capacity-conditions-1726698/,0.9445146489931106,-0.008721864951768552
AAPL,2026-03-28 15:08:41,"SPY Has Returned 217% Over 10 Years, But Its Top 3 Holdings Now Control the Outcome","The SPDR S&P 500 ETF (SPY), despite its broad-market mandate, has a significant concentration in Information Technology, with Nvidia, Apple, and Microsoft dominating its holdings. This market-cap weighting means that SPY's performance is increasingly dependent on a few mega-cap tech companies, leading to amplified volatility and a thin income case for investors. While SPY has delivered strong long-term returns, its current concentration shifts it from a truly diversified fund to one heavily influenced by large-cap tech.","SPY Has Returned 217% Over 10 Years, But Its Top 3 Holdings Now Control the Outcome. The SPDR S&P 500 ETF (SPY), despite its broad-market mandate, has a significant concentration in Information Technology, with Nvidia, Apple, and Microsoft dominating its holdings. This market-cap weighting means that SPY's performance is increasingly dependent on a few mega-cap tech companies, leading to amplified volatility and a thin income case for investors. While SPY has delivered strong long-term returns, its current concentration shifts it from a truly diversified fund to one heavily influenced by large-cap tech.",https://247wallst.com/investing/2026/03/28/spy-has-returned-217-over-10-years-but-its-top-3-holdings-now-control-the-outcome/,0.00997017585089486,-0.008721864951768552
AAPL,2026-03-28 14:41:08,Universal Display Corp Stock Hits 52-Week Low Amid OLED Market Pressures: What North American Invest,"Universal Display Corp (NASDAQ:OLED) shares recently hit a 52-week low of approximately $92.9 USD due to short-term pressures in the OLED market, prompting North American investors to re-evaluate its long-term value. Despite resilient profitability and strong intellectual property in phosphorescent OLED technology, the company faces risks from geographic revenue concentration in Asia and competition from alternative display technologies. Analysts project earnings growth, but market caution regarding near-term growth and valuation debates persist.","Universal Display Corp Stock Hits 52-Week Low Amid OLED Market Pressures: What North American Invest. Universal Display Corp (NASDAQ:OLED) shares recently hit a 52-week low of approximately $92.9 USD due to short-term pressures in the OLED market, prompting North American investors to re-evaluate its long-term value. Despite resilient profitability and strong intellectual property in phosphorescent OLED technology, the company faces risks from geographic revenue concentration in Asia and competition from alternative display technologies. Analysts project earnings growth, but market caution regarding near-term growth and valuation debates persist.",https://www.ad-hoc-news.de/boerse/news/ueberblick/universal-display-corp-stock-hits-52-week-low-amid-oled-market-pressures/69014601,-0.8807271452248033,-0.008721864951768552
AAPL,2026-03-28 13:38:23,NVIDIA Corporation did not respond on allegations about gold being linked to human rights abuses,"NVIDIA Corporation has not responded to allegations linking gold in its supply chain to human rights abuses. This follows a report suggesting that gold refined by Argor-Heraeus, used by tech giants, is ""tainted by the most severe human rights abuses."" The Business and Human Rights Centre invited NVIDIA Corporation to comment on these claims but received no reply.","NVIDIA Corporation did not respond on allegations about gold being linked to human rights abuses. NVIDIA Corporation has not responded to allegations linking gold in its supply chain to human rights abuses. This follows a report suggesting that gold refined by Argor-Heraeus, used by tech giants, is ""tainted by the most severe human rights abuses."" The Business and Human Rights Centre invited NVIDIA Corporation to comment on these claims but received no reply.",https://www.business-humanrights.org/it/ultime-notizie/nvidia-corporation-did-not-respond-on-allegations-about-gold-being-linked-to-human-rights-abuses/,-0.8107879335395008,-0.008721864951768552
AAPL,2026-03-28 12:37:28,Wedge Capital Management L L P NC Raises Position in The Walt Disney Company $DIS,"Wedge Capital Management L L P NC increased its stake in The Walt Disney Company by 12.2% in the fourth quarter, purchasing an additional 33,519 shares, bringing their total holdings to 307,511 shares valued at approximately $34.99 million. The company reported strong quarterly earnings, surpassing revenue and EPS estimates, with analysts forecasting a 5.47 EPS for the current fiscal year. Despite some strategic concerns regarding AI partnerships, analysts maintain a ""Moderate Buy"" consensus rating for Disney with an average target price of $134.","Wedge Capital Management L L P NC Raises Position in The Walt Disney Company $DIS. Wedge Capital Management L L P NC increased its stake in The Walt Disney Company by 12.2% in the fourth quarter, purchasing an additional 33,519 shares, bringing their total holdings to 307,511 shares valued at approximately $34.99 million. The company reported strong quarterly earnings, surpassing revenue and EPS estimates, with analysts forecasting a 5.47 EPS for the current fiscal year. Despite some strategic concerns regarding AI partnerships, analysts maintain a ""Moderate Buy"" consensus rating for Disney with an average target price of $134.",https://www.marketbeat.com/instant-alerts/filing-wedge-capital-management-l-l-p-nc-raises-position-in-the-walt-disney-company-dis-2026-03-28/,0.9846083570566385,-0.008721864951768552
AAPL,2026-03-28 12:02:00,Apple Recruits Google Veteran Lilian Rincon to Lead AI Product Marketing,"Apple has hired Lilian Rincon, a former Google VP of Product for Shopping, as its Vice President of Product Marketing for Artificial Intelligence. Rincon will lead marketing for Apple Intelligence and Siri, reporting to Senior VP Greg Joswiak. This strategic hire supports Apple's comprehensive revamp of Siri, including integrating Google Gemini and enabling multi-chatbot support in the upcoming iOS 27 update.","Apple Recruits Google Veteran Lilian Rincon to Lead AI Product Marketing. Apple has hired Lilian Rincon, a former Google VP of Product for Shopping, as its Vice President of Product Marketing for Artificial Intelligence. Rincon will lead marketing for Apple Intelligence and Siri, reporting to Senior VP Greg Joswiak. This strategic hire supports Apple's comprehensive revamp of Siri, including integrating Google Gemini and enabling multi-chatbot support in the upcoming iOS 27 update.",https://mlq.ai/news/apple-recruits-google-veteran-lilian-rincon-to-lead-ai-product-marketing/,0.10253961732130447,-0.008721864951768552
AAPL,2026-03-28 11:13:08,Microsoft (MSFT) closes above ___ on March 30? Trading Odds & Predictions,"This Polymarket article outlines a prediction market regarding Microsoft's (MSFT) closing price on March 30, with various price targets and associated probabilities. It details the resolution rules based on Yahoo Finance data and notes MSFT's recent performance, including a 2.51% decline on March 27 and a 24% year-to-date drop. The market highlights analyst consensus price targets suggesting significant upside and mentions upcoming Q3 earnings as a key focus for traders.","Microsoft (MSFT) closes above ___ on March 30? Trading Odds & Predictions. This Polymarket article outlines a prediction market regarding Microsoft's (MSFT) closing price on March 30, with various price targets and associated probabilities. It details the resolution rules based on Yahoo Finance data and notes MSFT's recent performance, including a 2.51% decline on March 27 and a 24% year-to-date drop. The market highlights analyst consensus price targets suggesting significant upside and mentions upcoming Q3 earnings as a key focus for traders.",https://polymarket.com/event/msft-close-above-on-march-30-2026,-0.12381858726768957,-0.008721864951768552
AAPL,2026-03-28 10:40:20,"iShares Core S&P Total U.S. Stock Market ETF ETF Price, Holdings, & News (NYSEARCA:ITOT)","This article provides comprehensive information on the iShares Core S&P Total U.S. Stock Market ETF (ITOT), including its current price, key statistics, holdings, news, and fund details. The ETF, managed by BlackRock and launched in 2004, tracks a market cap-weighted index of all common equities on the NYSE and NASDAQ. It also lists its top 10 holdings, such as NVIDIA, Apple, and Microsoft, and offers recent news headlines related to the ETF's performance and comparisons with other funds.","iShares Core S&P Total U.S. Stock Market ETF ETF Price, Holdings, & News (NYSEARCA:ITOT). This article provides comprehensive information on the iShares Core S&P Total U.S. Stock Market ETF (ITOT), including its current price, key statistics, holdings, news, and fund details. The ETF, managed by BlackRock and launched in 2004, tracks a market cap-weighted index of all common equities on the NYSE and NASDAQ. It also lists its top 10 holdings, such as NVIDIA, Apple, and Microsoft, and offers recent news headlines related to the ETF's performance and comparisons with other funds.",https://www.marketbeat.com/stocks/NYSEARCA/ITOT/,0.0008327556100457521,-0.008721864951768552
AAPL,2026-03-28 09:17:58,"Gradient Investments LLC Buys 24,728 Shares of Apple Inc. $AAPL","Gradient Investments LLC increased its stake in Apple Inc. by 5.1% in the fourth quarter, purchasing 24,728 additional shares, bringing its total to 506,680 shares valued at $137.746 million. This makes Apple its fifth-largest holding, representing about 2.2% of its portfolio. Other major institutional investors like Vanguard, State Street, and Northern Trust also increased their positions, resulting in institutional ownership of 67.73% of Apple's stock.","Gradient Investments LLC Buys 24,728 Shares of Apple Inc. $AAPL. Gradient Investments LLC increased its stake in Apple Inc. by 5.1% in the fourth quarter, purchasing 24,728 additional shares, bringing its total to 506,680 shares valued at $137.746 million. This makes Apple its fifth-largest holding, representing about 2.2% of its portfolio. Other major institutional investors like Vanguard, State Street, and Northern Trust also increased their positions, resulting in institutional ownership of 67.73% of Apple's stock.",https://www.marketbeat.com/instant-alerts/filing-gradient-investments-llc-buys-24728-shares-of-apple-inc-aapl-2026-03-28/,0.9126241288496119,-0.008721864951768552
AAPL,2026-03-28 09:06:58,Apple Inc. $AAPL is NorthCrest Asset Manangement LLC's 3rd Largest Position,"NorthCrest Asset Management LLC increased its stake in Apple Inc. ($AAPL) by 3.9% in Q4, making it their third-largest holding. Institutional ownership of Apple is substantial, with hedge funds and other institutional investors owning 67.73% of the stock. Apple recently beat quarterly earnings estimates and maintains a ""Moderate Buy"" consensus rating among analysts.","Apple Inc. $AAPL is NorthCrest Asset Manangement LLC's 3rd Largest Position. NorthCrest Asset Management LLC increased its stake in Apple Inc. ($AAPL) by 3.9% in Q4, making it their third-largest holding. Institutional ownership of Apple is substantial, with hedge funds and other institutional investors owning 67.73% of the stock. Apple recently beat quarterly earnings estimates and maintains a ""Moderate Buy"" consensus rating among analysts.",https://www.marketbeat.com/instant-alerts/filing-apple-inc-aapl-is-northcrest-asset-manangement-llcs-3rd-largest-position-2026-03-28/,0.7430031281762859,-0.008721864951768552
AAPL,2026-03-28 08:26:50,Geopolitical Tensions Expose Vulnerability in Global Tech-Heavy ETF,"Geopolitical tensions, particularly involving Iran, have caused significant outflows from global equity funds, impacting the iShares MSCI World ETF. The ETF's heavy allocation to technology stocks, including Nvidia, Apple, and Microsoft, makes it vulnerable during times of uncertainty, leading to negative performance for 2024. While the fund maintains strong long-term ratings, its immediate recovery hinges on the stabilization of the Middle Eastern situation and its effects on global markets.","Geopolitical Tensions Expose Vulnerability in Global Tech-Heavy ETF. Geopolitical tensions, particularly involving Iran, have caused significant outflows from global equity funds, impacting the iShares MSCI World ETF. The ETF's heavy allocation to technology stocks, including Nvidia, Apple, and Microsoft, makes it vulnerable during times of uncertainty, leading to negative performance for 2024. While the fund maintains strong long-term ratings, its immediate recovery hinges on the stabilization of the Middle Eastern situation and its effects on global markets.",https://www.ad-hoc-news.de/boerse/news/ueberblick/geopolitical-tensions-expose-vulnerability-in-global-tech-heavy-etf/69011938,-0.47892114570096667,-0.008721864951768552
AAPL,2026-03-28 08:07:04,"Amazon.com, Inc. Trade Ideas — LS:906866","The article compiles various trade ideas and analyses for Amazon.com, Inc. (AMZN) from different traders on TradingView. It includes both bullish and bearish outlooks, technical analyses, and expectations surrounding upcoming earnings reports, offering diverse perspectives on the stock's potential movements.","Amazon.com, Inc. Trade Ideas — LS:906866. The article compiles various trade ideas and analyses for Amazon.com, Inc. (AMZN) from different traders on TradingView. It includes both bullish and bearish outlooks, technical analyses, and expectations surrounding upcoming earnings reports, offering diverse perspectives on the stock's potential movements.",https://www.tradingview.com/symbols/LS-906866/ideas/page-40/,0.0007683455155682163,-0.008721864951768552
AAPL,2026-03-28 06:38:54,There Are 10 Trillion-Dollar Stocks On the Market. This Is the Only One That's Up This Year,"Despite a general slump in tech stocks this year, Taiwan Semiconductor Manufacturing Corporation (TSMC) stands out as the only trillion-dollar stock to have gained value, up 7.5% year-to-date through March 27. TSMC's strong performance is attributed to its dominance in semiconductor manufacturing, particularly for high-performance computing essential for AI, and its significant economic moat, making it a reliable investment despite macroeconomic pressures.","There Are 10 Trillion-Dollar Stocks On the Market. This Is the Only One That's Up This Year. Despite a general slump in tech stocks this year, Taiwan Semiconductor Manufacturing Corporation (TSMC) stands out as the only trillion-dollar stock to have gained value, up 7.5% year-to-date through March 27. TSMC's strong performance is attributed to its dominance in semiconductor manufacturing, particularly for high-performance computing essential for AI, and its significant economic moat, making it a reliable investment despite macroeconomic pressures.",https://www.theglobeandmail.com/investing/markets/stocks/AMD/pressreleases/1018759/there-are-10-trillion-dollar-stocks-on-the-market-this-is-the-only-one-thats-up-this-year/,0.8728848697957875,-0.008721864951768552
AAPL,2026-03-28 06:33:00,Vanguard Total Stock Market Index Fund ETF Shares: Optimistic vs. Pessimistic,"This article presents a debate on the merits of the Vanguard Total Stock Market ETF (VTI) versus S&P 500 index funds. One contributor argues for VTI's broader diversification and lower fees as a smarter investment, especially during market downturns. The opposing view suggests that while VTI is strong, the S&P 500 ETF consistently offers slightly better returns over various timeframes and is simpler for investors.","Vanguard Total Stock Market Index Fund ETF Shares: Optimistic vs. Pessimistic. This article presents a debate on the merits of the Vanguard Total Stock Market ETF (VTI) versus S&P 500 index funds. One contributor argues for VTI's broader diversification and lower fees as a smarter investment, especially during market downturns. The opposing view suggests that while VTI is strong, the S&P 500 ETF consistently offers slightly better returns over various timeframes and is simpler for investors.",https://www.bitget.com/amp/news/detail/12560605312849,0.2871555002455878,-0.008721864951768552
AAPL,2026-03-28 04:39:52,Is Opera (OPRA) Quietly Recasting Its Web3 Strategy With the Celo Stakeholder Shift?,"Opera Limited is shifting its Web3 strategy by moving from a distribution partner to a network stakeholder in the Celo ecosystem. This move, which would grant Opera 160 million CELO tokens, deepens its collaboration with Celo and ties its browser and MiniPay growth more directly to the Celo blockchain. While the company projects significant revenue growth and has authorized a share repurchase program, investors should also consider the evolving regulatory landscape for cryptocurrencies and stablecoins.","Is Opera (OPRA) Quietly Recasting Its Web3 Strategy With the Celo Stakeholder Shift?. Opera Limited is shifting its Web3 strategy by moving from a distribution partner to a network stakeholder in the Celo ecosystem. This move, which would grant Opera 160 million CELO tokens, deepens its collaboration with Celo and ties its browser and MiniPay growth more directly to the Celo blockchain. While the company projects significant revenue growth and has authorized a share repurchase program, investors should also consider the evolving regulatory landscape for cryptocurrencies and stablecoins.",https://simplywall.st/stocks/us/software/nasdaq-opra/opera/news/is-opera-opra-quietly-recasting-its-web3-strategy-with-the-c,0.6225712219906723,-0.008721864951768552
AAPL,2026-03-28 03:40:23,"VOXP ETF Analysis: Dividends, Returns CBOE:VOXP","This article provides an in-depth analysis of the Reverb ETF (VOXP), an actively managed fund seeking long-term capital appreciation by investing in approximately 500 large-cap US equities. The ETF utilizes a proprietary web-based algorithm to adjust weightings based on public feedback and market sentiment for eligible companies. Key details include its inception date, expense ratio, asset allocation (primarily in Electronic Technology and Technology Services), and dividend history.","VOXP ETF Analysis: Dividends, Returns CBOE:VOXP. This article provides an in-depth analysis of the Reverb ETF (VOXP), an actively managed fund seeking long-term capital appreciation by investing in approximately 500 large-cap US equities. The ETF utilizes a proprietary web-based algorithm to adjust weightings based on public feedback and market sentiment for eligible companies. Key details include its inception date, expense ratio, asset allocation (primarily in Electronic Technology and Technology Services), and dividend history.",https://www.tradingview.com/symbols/CBOE-VOXP/analysis/,0.0007089318439845116,-0.008721864951768552
AAPL,2026-03-28 01:11:30,Investing in America's Sustainable Giants: The ESG-Focused ETF Approach,"The NYLI Candriam U.S. Large Cap Equity ETF (IQSU) provides investors with exposure to major U.S. companies that meet stringent multi-layered sustainability criteria, including tech giants like Microsoft and Apple. This ETF, managed by Candriam, uses a comprehensive selection process that evaluates companies based on sector-specific ESG factors, governance quality, and strategic positioning regarding global megatrends, while excluding those involved in controversial activities. With a low expense ratio of 0.09% and quarterly rebalancing, IQSU aims to offer a competitively priced, sustainable investment option that remains aligned with market dynamics and evolving corporate practices.","Investing in America's Sustainable Giants: The ESG-Focused ETF Approach. The NYLI Candriam U.S. Large Cap Equity ETF (IQSU) provides investors with exposure to major U.S. companies that meet stringent multi-layered sustainability criteria, including tech giants like Microsoft and Apple. This ETF, managed by Candriam, uses a comprehensive selection process that evaluates companies based on sector-specific ESG factors, governance quality, and strategic positioning regarding global megatrends, while excluding those involved in controversial activities. With a low expense ratio of 0.09% and quarterly rebalancing, IQSU aims to offer a competitively priced, sustainable investment option that remains aligned with market dynamics and evolving corporate practices.",https://www.ad-hoc-news.de/boerse/news/ueberblick/investing-in-america-s-sustainable-giants-the-esg-focused-etf-approach/69009408,0.07956385194272324,-0.008721864951768552
AAPL,2026-03-27 22:37:49,Intel Corporation Trade Ideas — BSESOF:INL,"This collection of trade ideas for Intel Corporation (INTC) from TradingView analysts offers diverse perspectives, with some predicting bullish continuation based on Apple partnership rumors, technical breakouts, and fundamental shifts towards foundry services and AI. Others caution with bearish signals, highlighting overextension, conflicting AI forecasts, and potential for pullbacks, providing detailed setups for both call and put options with varying confidence levels and risk assessments.","Intel Corporation Trade Ideas — BSESOF:INL. This collection of trade ideas for Intel Corporation (INTC) from TradingView analysts offers diverse perspectives, with some predicting bullish continuation based on Apple partnership rumors, technical breakouts, and fundamental shifts towards foundry services and AI. Others caution with bearish signals, highlighting overextension, conflicting AI forecasts, and potential for pullbacks, providing detailed setups for both call and put options with varying confidence levels and risk assessments.",https://www.tradingview.com/symbols/BSESOF-INL/ideas/page-5/,-0.00792696780274496,-0.008721864951768552
AAPL,2026-03-27 22:10:22,Jefferies cuts 4D Molecular Therapeutics stock price target on valuation By Investing.com,"Jefferies has lowered its price target for 4D Molecular Therapeutics (NASDAQ:FDMT) to $21.00 from $40.00, while maintaining a Buy rating. The firm highlights the company's gene therapy approach for wet AMD with pivotal trials ongoing, and notes the stock is trading near cash levels, appearing undervalued according to InvestingPro analysis. RBC Capital also recently raised its price target for FDMT to $35 from $32.","Jefferies cuts 4D Molecular Therapeutics stock price target on valuation By Investing.com. Jefferies has lowered its price target for 4D Molecular Therapeutics (NASDAQ:FDMT) to $21.00 from $40.00, while maintaining a Buy rating. The firm highlights the company's gene therapy approach for wet AMD with pivotal trials ongoing, and notes the stock is trading near cash levels, appearing undervalued according to InvestingPro analysis. RBC Capital also recently raised its price target for FDMT to $35 from $32.",https://ca.investing.com/news/analyst-ratings/jefferies-cuts-4d-molecular-therapeutics-stock-price-target-on-valuation-93CH-4538218,0.4175585713841634,-0.008721864951768552
